<?xml version="1.0" encoding="UTF-8"?>
<!DOCTYPE log4j:configuration SYSTEM "log4j.dtd">

<!-- ===================================================================== -->
<!--                                                                       -->
<!--  Log4j Configuration                                                  -->
<!--                                                                       -->
<!-- ===================================================================== -->

<!--
	| For more configuration information and examples see the Jakarta Log4j
	| website: http://jakarta.apache.org/log4j
-->

<log4j:configuration xmlns:log4j="http://jakarta.apache.org/log4j/"
	debug="false">

	<!-- ================================= -->
	<!-- Preserve messages in a local file -->
	<!-- ================================= -->

	<!-- A time/date based file appender -->
	<appender name="FILE" class="org.apache.log4j.FileAppender">
		<param name="File" value="System.out" />
		<param name="Threshold" value="DEBUG" />

		<layout class="org.apache.log4j.PatternLayout">
			<!-- The default pattern: Date Priority [Category] Message\n -->
			<param name="ConversionPattern"
				value="%d{ABSOLUTE} %-5p [%c1] %m%n" />
		</layout>
	</appender>

	<!-- ============================== -->
	<!-- Append messages to the console -->
	<!-- ============================== -->

	<appender name="CONSOLE" class="org.apache.log4j.ConsoleAppender">
		<param name="Threshold" value="DEBUG" />

		<layout class="org.apache.log4j.PatternLayout">
			<!-- The default pattern: Date Priority [Category] Message\n -->
			<param name="ConversionPattern"
				value="%d{ABSOLUTE} %-5p [%c] %m%n" />
		</layout>
	</appender>

	<!-- ================ -->
	<!-- Limit categories -->
	<!-- ================ -->
	
	<category name="javamelody">
		<priority value="debug" />
	</category>		
	
	<!-- ======================= -->
	<!-- Setup the Root category -->
	<!-- ======================= -->

	<root>
		<appender-ref ref="CONSOLE" />
	</root>

</log4j:configuration>
