<?xml version="1.0" encoding="UTF-8"?>
<beans xmlns="http://www.springframework.org/schema/beans"
       xmlns:xsi="http://www.w3.org/2001/XMLSchema-instance"
       xmlns:context="http://www.springframework.org/schema/context"
       xmlns:aop="http://www.springframework.org/schema/aop"
       xsi:schemaLocation="http://www.springframework.org/schema/beans http://www.springframework.org/schema/beans/spring-beans-3.0.xsd
            http://www.springframework.org/schema/context http://www.springframework.org/schema/context/spring-context-3.0.xsd
            http://www.springframework.org/schema/aop http://www.springframework.org/schema/aop/spring-aop-3.0.xsd">

	<aop:config proxy-target-class="true">
		<aop:advisor advice-ref="monitoringAdvice" pointcut-ref="monitoringPointcut" />
	</aop:config>

	<bean id="monitoringAdvice" class="net.bull.javamelody.MonitoringSpringInterceptor" />
	<bean id="monitoringPointcut" class="net.bull.javamelody.MonitoredWithAnnotationPointcut" />

	<bean id="springDataSourceBeanPostProcessor" class="net.bull.javamelody.SpringDataSourceBeanPostProcessor">
		<!--
		<property name="excludedDatasources">
			<set>
				<value>excludedDataSourceName</value>
			</set>
		</property>
		-->
 	</bean>

	<!--
 	<bean id="wrappedDataSource" class="net.bull.javamelody.SpringDataSourceFactoryBean">
		<property name="targetName" value="targetDataSource" />
	</bean>
	-->
</beans>
